,Name,Rating
0,Daniel,1775.3949734574833
1,Eoghan,1641.9296410341078
2,Ricky,1747.338694030918
3,Zak,1956.6886011321167
4,Jack,1578.648090345374
