,Name,Rating
0,Daniel,1808.3207948488914
1,Eoghan,1638.195084751361
2,Ricky,1714.9371449512348
3,Zak,1961.804915248639
4,Jack,1876.7420601998738
