,Name,Rating
0,Daniel,1792.537012284471
1,Eoghan,1758.905569802343
2,Ricky,1770.0196065503067
3,Zak,1839.7126723638814
4,Jack,1538.8251389989975
