,Name,Rating
0,Daniel,1774.8038360832898
1,Eoghan,1777.469278040154
2,Ricky,1760.486317049762
3,Zak,1821.1295692027586
4,Jack,1566.1109996240357
