,Name,Rating
0,Daniel,1773.5641199444794
1,Eoghan,1625.18351436492
2,Ricky,1725.8096972102203
3,Zak,1974.81648563508
4,Jack,1600.6261828453003
