,Name,Rating
0,Daniel,1791.1067658083073
1,Eoghan,1759.12143256363
2,Ricky,1797.6585940747632
3,Zak,1839.4860229578203
4,Jack,1512.6271845954793
